{
	"class_name" : "PinholeCameraParameters",
	"extrinsic" : 
	[
		0.67111907573788299,
		0.67042056833914387,
		-0.31644185520968809,
		0.0,
		0.73755713488544006,
		-0.56068485450430705,
		0.37635351294901576,
		0.0,
		0.074890980500395526,
		-0.48597196984733965,
		-0.87075977488764711,
		0.0,
		-0.66823891068530095,
		-0.31309973868726781,
		1.9457419736592052,
		1.0
	],
	"intrinsic" : 
	{
		"height" : 1209,
		"intrinsic_matrix" : 
		[
			1047.0247131753863,
			0.0,
			0.0,
			0.0,
			1047.0247131753863,
			0.0,
			961.5,
			604.0,
			1.0
		],
		"width" : 1924
	},
	"version_major" : 1,
	"version_minor" : 0
}